<?xml version="1.0" encoding="utf-8" ?>
<dwsync>
<file name="Roboto-Bold.woff" server="ftp.mrgonzales.info" local="130866544080000000" remote="130893045600000000" Dst="1" />
<file name="Roboto-Bold.ttf" server="ftp.mrgonzales.info" local="130866544080000000" remote="130893045600000000" Dst="1" />
<file name="Roboto-Bold.woff2" server="ftp.mrgonzales.info" local="130866544080000000" remote="130893045600000000" Dst="1" />
<file name="Roboto-Light.woff2" server="ftp.mrgonzales.info" local="130866544080000000" remote="130893045600000000" Dst="1" />
<file name="Roboto-Light.ttf" server="ftp.mrgonzales.info" local="130866544080000000" remote="130893045600000000" Dst="1" />
<file name="Roboto-Light.woff" server="ftp.mrgonzales.info" local="130866544080000000" remote="130893045600000000" Dst="1" />
<file name="Roboto-Medium.woff" server="ftp.mrgonzales.info" local="130866544080000000" remote="130893046200000000" Dst="1" />
<file name="Roboto-Medium.woff2" server="ftp.mrgonzales.info" local="130866544080000000" remote="130893046200000000" Dst="1" />
<file name="Roboto-Medium.ttf" server="ftp.mrgonzales.info" local="130866544080000000" remote="130893046200000000" Dst="1" />
<file name="Roboto-Regular.woff" server="ftp.mrgonzales.info" local="130866544080000000" remote="130893046200000000" Dst="1" />
<file name="Roboto-Regular.ttf" server="ftp.mrgonzales.info" local="130866544080000000" remote="130893046200000000" Dst="1" />
<file name="Roboto-Regular.woff2" server="ftp.mrgonzales.info" local="130866544080000000" remote="130893046200000000" Dst="1" />
<file name="Roboto-Thin.woff" server="ftp.mrgonzales.info" local="130866544080000000" remote="130893046200000000" Dst="1" />
<file name="Roboto-Thin.woff2" server="ftp.mrgonzales.info" local="130866544080000000" remote="130893046200000000" Dst="1" />
<file name="Roboto-Thin.ttf" server="ftp.mrgonzales.info" local="130866544080000000" remote="130893046200000000" Dst="1" />
</dwsync>