<?xml version="1.0" encoding="utf-8" ?>
<dwsync>
<file name="1431419180030.jpg" server="ftp.mrgonzales.info" local="130890714756753502" remote="130893046200000000" Dst="1" />
<file name="1431419180009.jpg" server="ftp.mrgonzales.info" local="130890715035262549" remote="130893046200000000" Dst="1" />
<file name="1441051244431.jpg" server="ftp.mrgonzales.info" local="130890715310874940" remote="130893046200000000" Dst="1" />
<file name="22805638-Network-color-technology-communication-background-Stock-Vector-connectivity-connect-networking.jpg" server="ftp.mrgonzales.info" local="130892465746616358" remote="130893046200000000" Dst="1" />
<file name="1431419179987.png" server="ftp.mrgonzales.info" local="130890714551730432" remote="130893046200000000" Dst="1" />
<file name="2013-02-12-Weddingful_ListingIpad1.png" server="ftp.mrgonzales.info" local="130890733120108853" remote="130893046200000000" Dst="1" />
<file name="banner-construcao.png" server="ftp.mrgonzales.info" local="130892509934291021" remote="130893046200000000" Dst="1" />
<file name="banner-engineer.jpg" server="ftp.mrgonzales.info" local="130892507358321830" remote="130893046200000000" Dst="1" />
<file name="banner-select-v2.jpg" server="ftp.mrgonzales.info" local="130892321026809578" remote="130893046200000000" Dst="1" />
<file name="banner-select-v3.jpg" server="ftp.mrgonzales.info" local="130892324155375375" remote="130893046200000000" Dst="1" />
<file name="banner-select.jpg" server="ftp.mrgonzales.info" local="130892308152873148" remote="130893046200000000" Dst="1" />
<file name="banner-tablet.jpg" server="ftp.mrgonzales.info" local="130892500268300452" remote="130893046200000000" Dst="1" />
<file name="97083922.jpg" server="ftp.mrgonzales.info" local="130892419136285299" remote="130893046200000000" Dst="1" />
<file name="banner-tablet.png" server="ftp.mrgonzales.info" local="130892510155071897" remote="130893046200000000" Dst="1" />
<file name="bannerbluedarkhome.jpg" server="ftp.mrgonzales.info" local="130892473140346235" remote="130893046200000000" Dst="1" />
<file name="bg-home-v2.jpg" server="ftp.mrgonzales.info" local="130892423333311741" remote="130893046200000000" Dst="1" />
<file name="bg-featured-woman-reading-tablet.jpg" server="ftp.mrgonzales.info" local="130890715198156905" remote="130893046200000000" Dst="1" />
<file name="bg-home.jpg" server="ftp.mrgonzales.info" local="130892422896955206" remote="130893046200000000" Dst="1" />
<file name="bg-top-v2.jpg" server="ftp.mrgonzales.info" local="130892470338317028" remote="130893046200000000" Dst="1" />
<file name="bg-top-v3.jpg" server="ftp.mrgonzales.info" local="130892487148892916" remote="130893046200000000" Dst="1" />
<file name="bg-top.png" server="ftp.mrgonzales.info" local="130892425280808470" remote="130893046200000000" Dst="1" />
<file name="bg_menu.png" server="ftp.mrgonzales.info" local="130891692816135332" remote="130893046200000000" Dst="1" />
<file name="bnr-gartnerchart-graph.png" server="ftp.mrgonzales.info" local="130890734722622515" remote="130893046800000000" Dst="1" />
<file name="274713_h_ergb_s_gl.jpg" server="ftp.mrgonzales.info" local="130892419272734318" remote="130893046800000000" Dst="1" />
<file name="blog-1.jpg" server="ftp.mrgonzales.info" local="130890732905886279" remote="130893046800000000" Dst="1" />
<file name="CT_Millenial_Business_Travel.png" server="ftp.mrgonzales.info" local="130890732854399603" remote="130893046800000000" Dst="1" />
<file name="d-vector-abstract-technology-illustration-geometric-perspective-unusual-asymmetric-wireframe-object-45381507.jpg" server="ftp.mrgonzales.info" local="130892465096763201" remote="130893046800000000" Dst="1" />
<file name="Ebook-Image1-3.jpg" server="ftp.mrgonzales.info" local="130893018627075514" remote="130893046800000000" Dst="1" />
<file name="Construction-worker-using-ipad.jpg" server="ftp.mrgonzales.info" local="130892506269228222" remote="130893046800000000" Dst="1" />
<file name="facebook_icon.png" server="ftp.mrgonzales.info" local="130891693192898985" remote="130893047400000000" Dst="1" />
<file name="businessman-tablet-pc.jpg" server="ftp.mrgonzales.info" local="130890735165385812" remote="130893047400000000" Dst="1" />
<file name="Girl_tablet.png" server="ftp.mrgonzales.info" local="130890715089570855" remote="130893047400000000" Dst="1" />
<file name="gplus_icon.png" server="ftp.mrgonzales.info" local="130891693376645708" remote="130893047400000000" Dst="1" />
<file name="header.jpg" server="ftp.mrgonzales.info" local="130892319002146580" remote="130893047400000000" Dst="1" />
<file name="Hero_O365BusinessE1_1600x675.jpg" server="ftp.mrgonzales.info" local="130890733701898890" remote="130893047400000000" Dst="1" />
<file name="Hero_O365BusinessE3_1600x675.jpg" server="ftp.mrgonzales.info" local="130890733857894971" remote="130893047400000000" Dst="1" />
<file name="Hero_O365BusinessE4_1600x675.jpg" server="ftp.mrgonzales.info" local="130890734002220426" remote="130893047400000000" Dst="1" />
<file name="Hero_O365BusinessPremium_1600x675.jpg" server="ftp.mrgonzales.info" local="130890733037316885" remote="130893047400000000" Dst="1" />
<file name="engineer-with-laptop-and-crane.jpg" server="ftp.mrgonzales.info" local="130892506352890731" remote="130893047400000000" Dst="1" />
<file name="Hero_O365BusinessProPlus_1600x675.jpg" server="ftp.mrgonzales.info" local="130890733404252229" remote="130893047400000000" Dst="1" />
<file name="home1.jpg" server="ftp.mrgonzales.info" local="130890714515410616" remote="130893047400000000" Dst="1" />
<file name="ipad_reading-22.png" server="ftp.mrgonzales.info" local="130893018665276077" remote="130893047400000000" Dst="1" />
<file name="linkedin_icon.png" server="ftp.mrgonzales.info" local="130891693084550236" remote="130893047400000000" Dst="1" />
<file name="logo.png" server="ftp.mrgonzales.info" local="130891688942027563" remote="130893047400000000" Dst="1" />
<file name="frau_tablet_woman_tablet.jpg" server="ftp.mrgonzales.info" local="130890714460514149" remote="130893047400000000" Dst="1" />
<file name="maxresdefault.jpg" server="ftp.mrgonzales.info" local="130892506397496996" remote="130893047400000000" Dst="1" />
<file name="menu_glyph.png" server="ftp.mrgonzales.info" local="130891690258476171" remote="130893047400000000" Dst="1" />
<file name="news.png" server="ftp.mrgonzales.info" local="130893022577050898" remote="130893047400000000" Dst="1" />
<file name="o-WOMAN-ENGINEER-facebook.jpg" server="ftp.mrgonzales.info" local="130892506314861679" remote="130893047400000000" Dst="1" />
<file name="man-on-tablet.jpg" server="ftp.mrgonzales.info" local="130890734679054291" remote="130893048000000000" Dst="1" />
<file name="responsive-web-design.jpg" server="ftp.mrgonzales.info" local="130890715132908214" remote="130893048000000000" Dst="1" />
<file name="s1.jpg" server="ftp.mrgonzales.info" local="130892664502369942" remote="130893048000000000" Dst="1" />
<file name="s2.jpg" server="ftp.mrgonzales.info" local="130892664287731748" remote="130893048000000000" Dst="1" />
<file name="s3.jpg" server="ftp.mrgonzales.info" local="130892664687931236" remote="130893048000000000" Dst="1" />
<file name="silicon-beach-email-icon-1.png" server="ftp.mrgonzales.info" local="130893019948034567" remote="130893048000000000" Dst="1" />
<file name="twitter_icon.png" server="ftp.mrgonzales.info" local="130891693284309347" remote="130893048000000000" Dst="1" />
<file name="iStock_000030911722Large.jpg" server="ftp.mrgonzales.info" local="130892466083908852" remote="130893048000000000" Dst="1" />
<file name="Vector_PathsWorld.jpg" server="ftp.mrgonzales.info" local="130892464884301914" remote="130893048000000000" Dst="1" />
<file name="shutterstock_102068095-woman-with-tablet-at-airport-web2.png" server="ftp.mrgonzales.info" local="130890732826588795" remote="130893048000000000" Dst="1" />
</dwsync>